<?xml version="1.0" encoding="utf-8" ?>

<component name="LoadingScene" extends="Scene">

<script type="text/brightscript" >
<![CDATA[
  function init() as void
      m.grp = m.top.FindNode("grp")
      m.lbl = m.top.FindNode("lbl")
      m.lib = m.top.FindNode("SampleComponentLib")
      m.lib.observeField("loadStatus", "onLoadStatusChanged")
  end function

  function onLoadStatusChanged() as void
      if (m.lib.loadStatus = "ready")
          'Load Main Screen
	  m.mainScreen = CreateObject("roSGNode", "MainScreen")
          m.grp.removeChild(m.lbl)
          m.lbl = invalid
	  m.grp.appendChild(m.mainScreen)
      endif
  end function
]]>
</script>

<children>
<ComponentLibrary id="SampleComponentLib" uri="https://devtools.web.roku.com/SampleComponentLib.zip" />

<Group id="grp">
    <Label id="lbl" text="Please Wait..." translation="[300, 200]" width="400" height="200" />
</Group>
</children>

</component>


