<?xml version="1.0" encoding="utf-8" ?>

<component name="MainScreen" extends="Group">

<script type="text/brightscript" >
<![CDATA[
	sub init()
		m.spinner = m.top.FindNode("busySpinner")
		m.buttons = m.top.FindNode("buttons")
		m.buttons.setFocus(true)

		' observers
		m.buttons.observeField("itemSelected", "onButtonsSelectedChanged")
	end sub

	sub onButtonsSelectedChanged(pMessage as Object)
		index =  pMessage.getData()
		id = m.buttons.content.getchild(index).id
		if id = "stay" then
			m.spinner.visible = false
		else if id = "reload" then
			m.spinner.visible = true
		end if

	end sub

]]>
</script>

<children>

<Group id="MainGroup">

	<CustomBusySpinner id="busySpinner" translation="[700, 200]" />

	<CustomLabelList
		id="buttons"
		translation="[300, 200]"
		inheritParentOpacity="true"
		opacity="1.0"
		itemSize="[300, 70]"
		vertFocusAnimationStyle="floatingFocus"
		textHorizAlign="center"
		drawFocusFeedback="true">
			<ContentNode id="pageContent" role="content" >
				<MenuItemContent id="stay" title="Stay" />
				<MenuItemContent id="reload" title="Reload" />
			</ContentNode>
	</CustomLabelList>

</Group>
</children>

</component>


